var,smd_pre,smd_post
ln_sales,0.5018886679224145,-0.009260707964072452
ln_emp,1.0473343451382355,-0.008863938090976964
