{
  "data_total_n": 4608,
  "analysis_n_listwise": 4219,
  "listwise_drop_pct": 8.441840277777779,
  "export_rate_iso0": 0.17223880597014926,
  "export_rate_iso1": 0.4660529344073648,
  "export_rate_iso0_pct": 17.223880597014926,
  "export_rate_iso1_pct": 46.60529344073648,
  "sales_mean_iso0": 7248786821.705074,
  "sales_mean_iso1": 31863347083.302647,
  "sales_mean_ratio_iso1_iso0": 4.395679976116015,
  "emp_mean_iso0": 66.25940298507463,
  "emp_mean_iso1": 290.84234752589185,
  "emp_mean_ratio_iso1_iso0": 4.389450167418593,
  "nn_pairs": 725,
  "nn_matched_n": 1450,
  "logit_nn_or": 2.476044034974231,
  "logit_nn_ame": 0.16603460817861698,
  "logit_nn_p": 6.650536436186008e-13,
  "kernel_bw": 0.06,
  "logit_kernel_or": 2.350843654183369,
  "logit_kernel_p": 1.8571915754379952e-10,
  "probit_nn_ame": 0.1692622770868068,
  "probit_nn_p": 1.7067652095835516e-13,
  "logit_nn_k30_or": 2.4820846127575664,
  "logit_nn_k30_ame": 0.16667436475950786,
  "logit_nn_k30_p": 6.714013193983137e-13,
  "ols_intensity_coef": 6.067056679250634,
  "ols_intensity_p": 0.04276876282369002,
  "ols_intensity_n": 465,
  "ols_intensity_full_coef": 4.493561452232336,
  "ols_intensity_full_p": 0.07429020417898377,
  "ols_intensity_full_n": 982
}
